Merit,Department
1,Dept. of Pharmacy
2,Dept. of Genetic Engineering and Biotechnology
4,Dept. of Pharmacy
6,Dept. of Pharmacy
8,Dept. of Pharmacy
11,Dept. of Pharmacy
12,Dept. of Pharmacy
14,Dept. of Pharmacy
15,Dept. of Pharmacy
16,Dept. of Pharmacy
21,Dept. of Computer Science and Engineering
22,Dept. of Pharmacy
24,Dept. of Computer Science and Engineering
26,Dept. of Pharmacy
29,Dept. of Genetic Engineering and Biotechnology
34,Dept. of Pharmacy
35,Dept. of Genetic Engineering and Biotechnology
36,Dept. of Pharmacy
37,Dept. of Computer Science and Engineering
39,Dept. of Pharmacy
40,Dept. of Pharmacy
44,Dept. of Pharmacy
45,Dept. of Genetic Engineering and Biotechnology
46,Dept. of Genetic Engineering and Biotechnology
47,Dept. of Computer Science and Engineering
49,Dept. of Pharmacy
50,Dept. of Computer Science and Engineering
53,Dept. of Genetic Engineering and Biotechnology
55,Dept. of Pharmacy
60,Dept. of Pharmacy
61,Dept. of Pharmacy
62,Dept. of Applied Chemistry and Chemical Engineering
65,Dept. of Computer Science and Engineering
67,Dept. of Pharmacy
68,Dept. of Computer Science and Engineering
69,Dept. of Pharmacy
70,Dept. of Pharmacy
71,Dept. of Pharmacy
72,Dept. of Pharmacy
73,Dept. of Pharmacy
75,Dept. of Pharmacy
76,Dept. of Pharmacy
78,Dept. of Computer Science and Engineering
79,Dept. of Pharmacy
82,Dept. of Pharmacy
83,Dept. of Genetic Engineering and Biotechnology
84,Dept. of Genetic Engineering and Biotechnology
85,Dept. of Genetic Engineering and Biotechnology
87,Dept. of Computer Science and Engineering
90,Dept. of Computer Science and Engineering
91,Dept. of Genetic Engineering and Biotechnology
94,Dept. of Genetic Engineering and Biotechnology
97,Dept. of Microbiology
98,Dept. of Genetic Engineering and Biotechnology
99,Dept. of Biochemistry and Molecular Biology
100,Dept. of Genetic Engineering and Biotechnology
102,Dept. of Biochemistry and Molecular Biology
105,Dept. of Genetic Engineering and Biotechnology
107,Dept. of Computer Science and Engineering
109,Dept. of Biochemistry and Molecular Biology
110,Dept. of Biochemistry and Molecular Biology
111,Dept. of Genetic Engineering and Biotechnology
112,Dept. of Genetic Engineering and Biotechnology
113,Dept. of Computer Science and Engineering
114,Dept. of Computer Science and Engineering
116,Dept. of Genetic Engineering and Biotechnology
117,Dept. of Biochemistry and Molecular Biology
120,Dept. of Applied Chemistry and Chemical Engineering
121,Dept. of Genetic Engineering and Biotechnology
122,Dept. of Genetic Engineering and Biotechnology
123,Dept. of Biochemistry and Molecular Biology
127,Dept. of Biochemistry and Molecular Biology
128,Dept. of Computer Science and Engineering
131,Dept. of Biochemistry and Molecular Biology
134,Dept. of Genetic Engineering and Biotechnology
136,Dept. of Genetic Engineering and Biotechnology
137,Dept. of Computer Science and Engineering
138,Dept. of Genetic Engineering and Biotechnology
139,Dept. of Genetic Engineering and Biotechnology
140,Dept. of Genetic Engineering and Biotechnology
141,Dept. of Biochemistry and Molecular Biology
145,Dept. of Biochemistry and Molecular Biology
146,Dept. of Computer Science and Engineering
147,Dept. of Computer Science and Engineering
148,Dept. of Computer Science and Engineering
149,Dept. of Genetic Engineering and Biotechnology
152,Dept. of Computer Science and Engineering
155,Dept. of Computer Science and Engineering
156,Dept. of Biochemistry and Molecular Biology
158,Dept. of Biochemistry and Molecular Biology
160,Dept. of Genetic Engineering and Biotechnology
163,Dept. of Computer Science and Engineering
164,Dept. of Biochemistry and Molecular Biology
165,Dept. of Biochemistry and Molecular Biology
167,Dept. of Computer Science and Engineering
171,Dept. of Genetic Engineering and Biotechnology
175,Dept. of Genetic Engineering and Biotechnology
176,Dept. of Biochemistry and Molecular Biology
177,Dept. of Computer Science and Engineering
184,Dept. of Genetic Engineering and Biotechnology
185,Dept. of Computer Science and Engineering
186,Dept. of Computer Science and Engineering
188,Dept. of Microbiology
190,Dept. of Computer Science and Engineering
193,Dept. of Genetic Engineering and Biotechnology
195,Dept. of Computer Science and Engineering
198,Dept. of Computer Science and Engineering
201,Dept. of Genetic Engineering and Biotechnology
202,Dept. of Genetic Engineering and Biotechnology
205,Dept. of Biochemistry and Molecular Biology
206,Dept. of Biochemistry and Molecular Biology
208,Dept. of Biochemistry and Molecular Biology
209,Dept. of Chemistry
210,Dept. of Computer Science and Engineering
212,Dept. of Genetic Engineering and Biotechnology
214,Dept. of Computer Science and Engineering
217,Dept. of Biochemistry and Molecular Biology
218,Dept. of Computer Science and Engineering
219,Dept. of Biochemistry and Molecular Biology
220,Dept. of Computer Science and Engineering
221,Dept. of Computer Science and Engineering
222,Dept. of Applied Chemistry and Chemical Engineering
223,Dept. of Computer Science and Engineering
224,Dept. of Biochemistry and Molecular Biology
226,Dept. of Computer Science and Engineering
228,Dept. of Genetic Engineering and Biotechnology
229,Dept. of Genetic Engineering and Biotechnology
231,Dept. of Applied Chemistry and Chemical Engineering
233,Dept. of Computer Science and Engineering
236,Dept. of Biochemistry and Molecular Biology
237,Dept. of Biochemistry and Molecular Biology
238,Dept. of Computer Science and Engineering
239,Dept. of Computer Science and Engineering
241,Dept. of Biochemistry and Molecular Biology
242,Dept. of Biochemistry and Molecular Biology
245,Dept. of Computer Science and Engineering
246,Dept. of Biochemistry and Molecular Biology
247,Dept. of Biochemistry and Molecular Biology
251,Dept. of Biochemistry and Molecular Biology
255,Dept. of Computer Science and Engineering
256,Dept. of Computer Science and Engineering
257,Dept. of Computer Science and Engineering
258,Dept. of Computer Science and Engineering
259,Dept. of Computer Science and Engineering
260,Dept. of Computer Science and Engineering
261,Dept. of Applied Chemistry and Chemical Engineering
262,Dept. of Computer Science and Engineering
266,Dept. of Computer Science and Engineering
267,Dept. of Biochemistry and Molecular Biology
269,Dept. of Applied Chemistry and Chemical Engineering
270,Dept. of Biochemistry and Molecular Biology
272,Dept. of Applied Chemistry and Chemical Engineering
274,Dept. of Computer Science and Engineering
275,Dept. of Computer Science and Engineering
276,Dept. of Computer Science and Engineering
278,Dept. of Biochemistry and Molecular Biology
279,Dept. of Biochemistry and Molecular Biology
281,Dept. of Microbiology
282,Dept. of Biochemistry and Molecular Biology
284,Dept. of Biochemistry and Molecular Biology
286,Dept. of Biochemistry and Molecular Biology
288,Dept. of Applied Chemistry and Chemical Engineering
290,Dept. of Biochemistry and Molecular Biology
291,Dept. of Biochemistry and Molecular Biology
292,Dept. of Computer Science and Engineering
293,Dept. of Biochemistry and Molecular Biology
295,Dept. of Biochemistry and Molecular Biology
301,Dept. of Biochemistry and Molecular Biology
302,Dept. of Microbiology
303,Dept. of Computer Science and Engineering
304,Dept. of Applied Chemistry and Chemical Engineering
305,Dept. of Computer Science and Engineering
306,Dept. of Computer Science and Engineering
307,Dept. of Computer Science and Engineering
308,Dept. of Microbiology
310,Dept. of Computer Science and Engineering
311,Dept. of Microbiology
313,Dept. of Microbiology
321,Dept. of Computer Science and Engineering
324,Dept. of Computer Science and Engineering
326,Dept. of Microbiology
330,Dept. of Microbiology
331,Dept. of Applied Chemistry and Chemical Engineering
332,Dept. of Microbiology
335,Dept. of Microbiology
338,Dept. of Computer Science and Engineering
340,Dept. of Microbiology
343,Dept. of Microbiology
344,Dept. of Computer Science and Engineering
345,Dept. of Applied Chemistry and Chemical Engineering
346,Dept. of Microbiology
348,Dept. of Computer Science and Engineering
351,Dept. of Computer Science and Engineering
352,Dept. of Microbiology
355,Dept. of Computer Science and Engineering
356,Dept. of Microbiology
357,Dept. of Microbiology
360,Dept. of Computer Science and Engineering
361,Dept. of Microbiology
363,Dept. of Applied Chemistry and Chemical Engineering
365,Dept. of Computer Science and Engineering
367,Dept. of Microbiology
368,Dept. of Microbiology
369,Dept. of Microbiology
371,Dept. of Microbiology
372,Dept. of Microbiology
376,Dept. of Applied Chemistry and Chemical Engineering
377,Dept. of Microbiology
379,Dept. of Applied Chemistry and Chemical Engineering
380,Dept. of Applied Chemistry and Chemical Engineering
384,Dept. of Microbiology
386,Dept. of Microbiology
387,Dept. of Microbiology
396,Dept. of Applied Chemistry and Chemical Engineering
399,Dept. of Applied Chemistry and Chemical Engineering
400,Dept. of Applied Chemistry and Chemical Engineering
401,Dept. of Microbiology
405,Dept. of Microbiology
407,Dept. of Microbiology
410,Dept. of Microbiology
412,Dept. of Microbiology
413,Dept. of Microbiology
418,Dept. of Microbiology
419,Dept. of Microbiology
420,Dept. of Microbiology
421,Dept. of Microbiology
422,Dept. of Microbiology
424,Dept. of Applied Chemistry and Chemical Engineering
425,Dept. of Applied Chemistry and Chemical Engineering
426,Dept. of Applied Chemistry and Chemical Engineering
428,Dept. of Microbiology
429,Dept. of Applied Chemistry and Chemical Engineering
430,Dept. of Microbiology
431,Dept. of Applied Chemistry and Chemical Engineering
433,Dept. of Applied Chemistry and Chemical Engineering
434,Dept. of Applied Chemistry and Chemical Engineering
436,Dept. of Applied Chemistry and Chemical Engineering
437,Dept. of Applied Chemistry and Chemical Engineering
440,Dept. of Applied Chemistry and Chemical Engineering
442,Dept. of Applied Chemistry and Chemical Engineering
443,Dept. of Applied Chemistry and Chemical Engineering
448,Institute of Marine Sciences
451,Dept. of Chemistry
452,Dept. of Chemistry
455,Dept. of Chemistry
456,Dept. of Chemistry
457,Dept. of Forestry
459,Dept. of Mathematics
460,Dept. of Chemistry
462,Dept. of Chemistry
463,Dept. of Chemistry
464,Dept. of Chemistry
465,Dept. of Mathematics
467,Dept. of Forestry
470,Dept. of Chemistry
473,Dept. of Electrical and Electronic Engineering
474,Dept. of Chemistry
476,Dept. of Chemistry
478,Dept. of Psychology
479,Dept. of Chemistry
482,Dept. of Statistics
484,Dept. of Environmental Science
486,Dept. of Zoology
487,Dept. of Chemistry
488,Dept. of Chemistry
490,Dept. of Chemistry
492,Dept. of Chemistry
495,Dept. of Mathematics
497,Dept. of Chemistry
498,Dept. of Chemistry
499,Dept. of Chemistry
500,Dept. of Chemistry
503,Dept. of Chemistry
504,Dept. of Chemistry
506,Dept. of Chemistry
510,Dept. of Electrical and Electronic Engineering
512,Dept. of Chemistry
513,Dept. of Chemistry
514,Dept. of Chemistry
515,Institute of Marine Sciences
517,Dept. of Chemistry
518,Dept. of Physics
520,Dept. of Chemistry
521,Dept. of Chemistry
524,Dept. of Chemistry
528,Dept. of Chemistry
531,Dept. of Chemistry
534,Dept. of Forestry
535,Dept. of Chemistry
538,Dept. of Chemistry
539,Dept. of Chemistry
540,Dept. of Chemistry
541,Dept. of Chemistry
542,Dept. of Chemistry
543,Dept. of Chemistry
544,Dept. of Forestry
545,Dept. of Environmental Science
547,Dept. of Chemistry
548,Dept. of Chemistry
549,Dept. of Chemistry
550,Dept. of Chemistry
552,Institute of Marine Sciences
555,Dept. of Chemistry
556,Dept. of Chemistry
559,Dept. of Chemistry
561,Dept. of Chemistry
563,Dept. of Chemistry
564,Institute of Marine Sciences
565,Dept. of Chemistry
566,Dept. of Physics
568,Dept. of Chemistry
570,Dept. of Chemistry
571,Dept. of Chemistry
576,Dept. of Forestry
577,Dept. of Chemistry
578,Dept. of Chemistry
579,Dept. of Chemistry
580,Dept. of Chemistry
583,Dept. of Chemistry
584,Dept. of Chemistry
590,Dept. of Chemistry
593,Institute of Marine Sciences
595,Dept. of Chemistry
596,Dept. of Zoology
598,Dept. of Mathematics
601,Dept. of Chemistry
602,Dept. of Chemistry
608,Dept. of Chemistry
609,Dept. of Chemistry
610,Dept. of Chemistry
611,Dept. of Chemistry
612,Dept. of Chemistry
613,Dept. of Chemistry
615,Dept. of Chemistry
616,Dept. of Chemistry
617,Dept. of Chemistry
620,Dept. of Chemistry
622,Dept. of Chemistry
623,Dept. of Chemistry
625,Dept. of Chemistry
628,Institute of Marine Sciences
629,Institute of Marine Sciences
632,Dept. of Chemistry
633,Dept. of Fisheries
638,Dept. of Chemistry
640,Dept. of Chemistry
641,Dept. of Chemistry
642,Dept. of Statistics
644,Dept. of Chemistry
645,Dept. of Chemistry
648,Dept. of Chemistry
649,Dept. of Chemistry
650,Dept. of Chemistry
652,Dept. of Chemistry
653,Dept. of Forestry
654,Dept. of Psychology
656,Dept. of Fisheries
657,Dept. of Forestry
661,Dept. of Chemistry
662,Dept. of Chemistry
665,Dept. of Physics
666,Dept. of Fisheries
670,Dept. of Chemistry
672,Dept. of Chemistry
673,Dept. of Chemistry
676,Dept. of Chemistry
677,Dept. of Chemistry
679,Dept. of Mathematics
680,Dept. of Chemistry
681,Dept. of Chemistry
682,Dept. of Chemistry
684,Dept. of Chemistry
688,Dept. of Physics
690,Dept. of Statistics
691,Dept. of Chemistry
693,Dept. of Chemistry
694,Dept. of Chemistry
695,Dept. of Chemistry
696,Dept. of Mathematics
697,Dept. of Chemistry
698,Dept. of Physics
699,Dept. of Chemistry
700,Dept. of Chemistry
701,Dept. of Chemistry
702,Dept. of Chemistry
708,Dept. of Chemistry
709,Dept. of Chemistry
711,Dept. of Chemistry
712,Dept. of Chemistry
713,Dept. of Forestry
714,Dept. of Fisheries
716,Dept. of Mathematics
723,Dept. of Statistics
724,Dept. of Statistics
725,Dept. of Forestry
726,Dept. of Environmental Science
727,Dept. of Physics
731,Dept. of Electrical and Electronic Engineering
732,Dept. of Electrical and Electronic Engineering
739,Dept. of Physics
748,Dept. of Mathematics
749,Dept. of Fisheries
750,Dept. of Mathematics
751,Dept. of Physics
756,Institute of Marine Sciences
759,Dept. of Physics
763,Dept. of Mathematics
764,Dept. of Physics
770,Dept. of Soil Science
771,Dept. of Forestry
772,Dept. of Statistics
774,Dept. of Forestry
777,Dept. of Physics
778,Dept. of Statistics
780,Dept. of Mathematics
782,Dept. of Mathematics
789,Dept. of Forestry
791,Dept. of Forestry
792,Dept. of Forestry
793,Dept. of Forestry
795,Institute of Marine Sciences
796,Dept. of Physics
797,Dept. of Statistics
800,Dept. of Fisheries
801,Institute of Marine Sciences
802,Dept. of Mathematics
803,Dept. of Mathematics
805,Dept. of Fisheries
806,Dept. of Forestry
809,Dept. of Mathematics
810,Dept. of Forestry
813,Dept. of Fisheries
814,Dept. of Mathematics
815,Dept. of Fisheries
816,Dept. of Mathematics
818,Dept. of Physics
819,Dept. of Statistics
822,Dept. of Forestry
823,Dept. of Physics
824,Dept. of Physics
827,Dept. of Forestry
828,Institute of Marine Sciences
829,Dept. of Forestry
830,Dept. of Soil Science
832,Dept. of Mathematics
833,Dept. of Mathematics
835,Dept. of Forestry
837,Institute of Marine Sciences
839,Dept. of Physics
841,Dept. of Mathematics
843,Dept. of Environmental Science
844,Dept. of Electrical and Electronic Engineering
847,Dept. of Forestry
850,Dept. of Physics
856,Dept. of Soil Science
857,Dept. of Zoology
858,Dept. of Forestry
864,Dept. of Forestry
872,Dept. of Mathematics
873,Dept. of Psychology
874,Dept. of Forestry
875,Dept. of Physics
876,Dept. of Physics
877,Dept. of Physics
879,Dept. of Mathematics
880,Dept. of Statistics
881,Dept. of Mathematics
882,Dept. of Mathematics
883,Dept. of Fisheries
885,Institute of Marine Sciences
887,Dept. of Mathematics
888,Dept. of Fisheries
890,Dept. of Fisheries
891,Dept. of Environmental Science
893,Dept. of Physics
894,Dept. of Statistics
895,Dept. of Forestry
897,Dept. of Fisheries
898,Dept. of Physics
900,Dept. of Physics
909,Institute of Marine Sciences
910,Dept. of Statistics
912,Dept. of Physics
914,Dept. of Fisheries
915,Dept. of Forestry
916,Dept. of Environmental Science
919,Dept. of Physics
921,Dept. of Physics
923,Dept. of Mathematics
925,Dept. of Physics
926,Dept. of Statistics
929,Dept. of Statistics
931,Dept. of Botany
934,Dept. of Fisheries
938,Dept. of Forestry
940,Dept. of Forestry
941,Dept. of Mathematics
942,Dept. of Forestry
945,Dept. of Mathematics
950,Dept. of Statistics
952,Dept. of Fisheries
953,Institute of Marine Sciences
954,Dept. of Zoology
957,Dept. of Physics
963,Dept. of Forestry
964,Dept. of Forestry
966,Institute of Marine Sciences
967,Dept. of Mathematics
968,Dept. of Forestry
969,Dept. of Mathematics
972,Dept. of Statistics
973,Dept. of Statistics
974,Dept. of Environmental Science
975,Dept. of Electrical and Electronic Engineering
976,Dept. of Forestry
978,Institute of Marine Sciences
979,Dept. of Forestry
980,Dept. of Forestry
981,Dept. of Physics
983,Dept. of Statistics
984,Dept. of Statistics
985,Dept. of Forestry
991,Dept. of Mathematics
992,Dept. of Forestry
993,Dept. of Mathematics
995,Dept. of Forestry
996,Dept. of Forestry
997,Dept. of Environmental Science
1000,Dept. of Fisheries
1001,Dept. of Electrical and Electronic Engineering
1003,Dept. of Environmental Science
1004,Dept. of Statistics
1005,Dept. of Statistics
1006,Dept. of Environmental Science
1007,Dept. of Geography and Environmental Studies
1010,Dept. of Psychology
1011,Institute of Marine Sciences
1012,Dept. of Fisheries
1014,Dept. of Physics
1016,Institute of Marine Sciences
1017,Dept. of Physics
1018,Dept. of Statistics
1019,Dept. of Physics
1020,Dept. of Mathematics
1021,Dept. of Environmental Science
1029,Dept. of Environmental Science
1034,Dept. of Physics
1041,Institute of Marine Sciences
1042,Dept. of Physics
1044,Dept. of Soil Science
1045,Dept. of Fisheries
1046,Institute of Marine Sciences
1048,Dept. of Mathematics
1049,Dept. of Statistics
1052,Dept. of Fisheries
1054,Dept. of Environmental Science
1055,Dept. of Fisheries
1056,Dept. of Physics
1061,Dept. of Fisheries
1062,Institute of Marine Sciences
1063,Dept. of Zoology
1064,Dept. of Mathematics
1065,Dept. of Mathematics
1066,Dept. of Environmental Science
1068,Dept. of Environmental Science
1069,Dept. of Physics
1072,Dept. of Statistics
1073,Dept. of Mathematics
1074,Dept. of Mathematics
1080,Dept. of Environmental Science
1081,Institute of Marine Sciences
1082,Dept. of Environmental Science
1091,Dept. of Environmental Science
1092,Dept. of Fisheries
1093,Dept. of Mathematics
1099,Dept. of Physics
1100,Dept. of Fisheries
1101,Dept. of Mathematics
1103,Dept. of Geography and Environmental Studies
1104,Dept. of Statistics
1105,Dept. of Zoology
1106,Dept. of Mathematics
1108,Dept. of Statistics
1112,Dept. of Environmental Science
1115,Dept. of Environmental Science
1116,Institute of Marine Sciences
1117,Dept. of Physics
1118,Dept. of Statistics
1124,Dept. of Physics
1127,Dept. of Mathematics
1129,Dept. of Mathematics
1130,Dept. of Fisheries
1132,Dept. of Physics
1133,Dept. of Physics
1134,Dept. of Geography and Environmental Studies
1135,Dept. of Environmental Science
1139,Dept. of Environmental Science
1141,Dept. of Physics
1143,Dept. of Physics
1145,Dept. of Mathematics
1148,Dept. of Statistics
1150,Dept. of Statistics
1151,Dept. of Statistics
1156,Dept. of Environmental Science
1157,Dept. of Statistics
1159,Dept. of Statistics
1161,Dept. of Mathematics
1168,Institute of Marine Sciences
1173,Dept. of Statistics
1175,Institute of Marine Sciences
1176,Dept. of Statistics
1177,Dept. of Botany
1178,Dept. of Environmental Science
1179,Dept. of Environmental Science
1181,Dept. of Statistics
1188,Dept. of Mathematics
1189,Dept. of Environmental Science
1190,Dept. of Statistics
1192,Dept. of Environmental Science
1196,Dept. of Environmental Science
1206,Dept. of Statistics
1208,Dept. of Botany
1210,Dept. of Statistics
1216,Dept. of Physics
1217,Dept. of Statistics
1220,Dept. of Mathematics
1221,Dept. of Environmental Science
1222,Dept. of Zoology
1224,Dept. of Mathematics
1229,Dept. of Physics
1235,Institute of Marine Sciences
1237,Dept. of Mathematics
1239,Dept. of Mathematics
1240,Dept. of Environmental Science
1242,Dept. of Mathematics
1243,Dept. of Mathematics
1246,Dept. of Mathematics
1249,Dept. of Physics
1255,Dept. of Mathematics
1258,Institute of Marine Sciences
1260,Dept. of Environmental Science
1263,Dept. of Mathematics
1264,Dept. of Physics
1268,Dept. of Environmental Science
1270,Dept. of Mathematics
1271,Dept. of Mathematics
1272,Institute of Marine Sciences
1274,Dept. of Physics
1276,Dept. of Electrical and Electronic Engineering
1278,Dept. of Electrical and Electronic Engineering
1279,Dept. of Soil Science
1280,Dept. of Physics
1283,Dept. of Oceanography
1284,Dept. of Statistics
1285,Dept. of Physics
1286,Institute of Marine Sciences
1290,Dept. of Electrical and Electronic Engineering
1291,Dept. of Environmental Science
1292,Dept. of Statistics
1294,Dept. of Botany
1295,Institute of Marine Sciences
1298,Dept. of Environmental Science
1300,Dept. of Physics
1303,Dept. of Mathematics
1307,Dept. of Geography and Environmental Studies
1311,Dept. of Physics
1312,Dept. of Physics
1313,Dept. of Statistics
1316,Dept. of Environmental Science
1317,Dept. of Geography and Environmental Studies
1319,Institute of Marine Sciences
1320,Dept. of Electrical and Electronic Engineering
1322,Dept. of Physics
1323,Dept. of Physics
1326,Dept. of Physics
1328,Dept. of Statistics
1329,Dept. of Mathematics
1330,Dept. of Statistics
1332,Dept. of Mathematics
1333,Institute of Marine Sciences
1335,Dept. of Statistics
1338,Dept. of Physics
1341,Dept. of Physics
1342,Dept. of Physics
1343,Institute of Marine Sciences
1345,Institute of Marine Sciences
1349,Dept. of Statistics
1350,Dept. of Mathematics
1352,Dept. of Mathematics
1355,Institute of Marine Sciences
1358,Dept. of Geography and Environmental Studies
1361,Dept. of Mathematics
1362,Dept. of Mathematics
1367,Institute of Marine Sciences
1370,Dept. of Zoology
1375,Dept. of Physics
1376,Dept. of Statistics
1377,Dept. of Physics
1381,Dept. of Electrical and Electronic Engineering
1383,Dept. of Electrical and Electronic Engineering
1384,Institute of Marine Sciences
1385,Dept. of Mathematics
1391,Dept. of Zoology
1393,Institute of Marine Sciences
1394,Dept. of Physics
1395,Dept. of Statistics
1397,Dept. of Zoology
1399,Dept. of Zoology
1400,Dept. of Electrical and Electronic Engineering
1401,Dept. of Electrical and Electronic Engineering
1404,Dept. of Oceanography
1406,Dept. of Statistics
1407,Dept. of Physics
1408,Institute of Marine Sciences
1409,Dept. of Mathematics
1414,Dept. of Soil Science
1420,Dept. of Physics
1422,Dept. of Statistics
1424,Dept. of Statistics
1426,Dept. of Physics
1428,Dept. of Statistics
1429,Dept. of Statistics
1431,Dept. of Electrical and Electronic Engineering
1432,Dept. of Physics
1433,Dept. of Mathematics
1434,Dept. of Mathematics
1438,Dept. of Statistics
1440,Dept. of Mathematics
1441,Dept. of Statistics
1443,Dept. of Mathematics
1446,Dept. of Physics
1447,Dept. of Mathematics
1448,Dept. of Statistics
1449,Dept. of Statistics
1450,Dept. of Statistics
1451,Dept. of Electrical and Electronic Engineering
1452,Dept. of Mathematics
1453,Dept. of Physics
1454,Dept. of Statistics
1455,Dept. of Oceanography
1456,Dept. of Mathematics
1458,Dept. of Botany
1461,Dept. of Mathematics
1462,Dept. of Soil Science
1463,Dept. of Electrical and Electronic Engineering
1465,Dept. of Geography and Environmental Studies
1466,Dept. of Statistics
1468,Dept. of Botany
1470,Dept. of Zoology
1471,Dept. of Mathematics
1473,Dept. of Soil Science
1474,Dept. of Physics
1477,Dept. of Mathematics
1479,Dept. of Physics
1481,Dept. of Mathematics
1487,Dept. of Soil Science
1491,Dept. of Statistics
1496,Dept. of Statistics
1498,Dept. of Mathematics
1502,Dept. of Mathematics
1503,Dept. of Statistics
1505,Dept. of Physics
1506,Dept. of Physics
1511,Dept. of Statistics
1512,Dept. of Statistics
1513,Dept. of Zoology
1515,Dept. of Statistics
1516,Dept. of Mathematics
1517,Dept. of Mathematics
1520,Dept. of Statistics
1523,Dept. of Physics
1524,Dept. of Statistics
1525,Dept. of Statistics
1530,Dept. of Botany
1531,Dept. of Statistics
1533,Dept. of Statistics
1536,Dept. of Physics
1539,Dept. of Geography and Environmental Studies
1541,Dept. of Geography and Environmental Studies
1545,Dept. of Electrical and Electronic Engineering
1547,Dept. of Mathematics
1548,Dept. of Physics
1549,Dept. of Geography and Environmental Studies
1554,Dept. of Statistics
1556,Dept. of Statistics
1557,Dept. of Electrical and Electronic Engineering
1561,Dept. of Mathematics
1562,Dept. of Soil Science
1564,Dept. of Physics
1567,Dept. of Mathematics
1569,Dept. of Zoology
1578,Dept. of Mathematics
1580,Dept. of Statistics
1582,Dept. of Statistics
1583,Dept. of Physics
1584,Dept. of Physics
1585,Dept. of Zoology
1586,Dept. of Botany
1593,Dept. of Statistics
1594,Dept. of Mathematics
1597,Dept. of Statistics
1601,Dept. of Mathematics
1605,Dept. of Electrical and Electronic Engineering
1606,Dept. of Statistics
1607,Dept. of Mathematics
1608,Dept. of Physics
1611,Dept. of Mathematics
1612,Dept. of Geography and Environmental Studies
1620,Dept. of Mathematics
1621,Dept. of Mathematics
1622,Dept. of Physics
1623,Dept. of Statistics
1625,Dept. of Statistics
1630,Dept. of Oceanography
1631,Dept. of Physics
1634,Dept. of Physics
1637,Dept. of Statistics
1639,Dept. of Mathematics
1645,Dept. of Botany
1649,Dept. of Mathematics
1650,Dept. of Statistics
1651,Dept. of Physics
1652,Dept. of Geography and Environmental Studies
1654,Dept. of Statistics
1659,Dept. of Mathematics
1661,Dept. of Statistics
1669,Dept. of Physics
1673,Dept. of Botany
1676,Dept. of Mathematics
1678,Dept. of Statistics
1684,Dept. of Geography and Environmental Studies
1690,Dept. of Statistics
1694,Dept. of Psychology
1698,Dept. of Mathematics
1701,Dept. of Mathematics
1702,Dept. of Mathematics
1705,Dept. of Soil Science
1712,Dept. of Physics
1713,Dept. of Botany
1719,Dept. of Botany
1720,Dept. of Physics
1722,Dept. of Mathematics
1723,Dept. of Botany
1729,Dept. of Statistics
1730,Dept. of Physics
1731,Dept. of Mathematics
1732,Dept. of Statistics
1734,Dept. of Physics
1740,Dept. of Mathematics
1742,Dept. of Oceanography
1744,Dept. of Statistics
1749,Dept. of Soil Science
1750,Dept. of Zoology
1752,Dept. of Oceanography
1758,Dept. of Psychology
1760,Dept. of Mathematics
1761,Dept. of Electrical and Electronic Engineering
1767,Dept. of Physics
1769,Dept. of Statistics
1770,Dept. of Statistics
1771,Dept. of Zoology
1777,Dept. of Oceanography
1778,Dept. of Zoology
1787,Dept. of Zoology
1788,Dept. of Statistics
1789,Dept. of Geography and Environmental Studies
1791,Dept. of Statistics
1795,Dept. of Physics
1796,Dept. of Statistics
1797,Dept. of Psychology
1802,Dept. of Physics
1806,Dept. of Oceanography
1808,Dept. of Mathematics
1810,Dept. of Psychology
1814,Dept. of Oceanography
1815,Dept. of Oceanography
1825,Dept. of Mathematics
1826,Dept. of Mathematics
1828,Dept. of Mathematics
1829,Dept. of Physics
1832,Dept. of Physics
1833,Dept. of Oceanography
1840,Dept. of Physics
1842,Dept. of Physics
1846,Dept. of Oceanography
1852,Dept. of Statistics
1854,Dept. of Physics
1856,Dept. of Physics
1863,Dept. of Botany
1864,Dept. of Oceanography
1865,Dept. of Soil Science
1866,Dept. of Psychology
1868,Dept. of Psychology
1871,Dept. of Statistics
1872,Dept. of Mathematics
1874,Dept. of Physics
1875,Dept. of Statistics
1876,Dept. of Statistics
1880,Dept. of Physics
1881,Dept. of Botany
1882,Dept. of Mathematics
1886,Dept. of Soil Science
1888,Dept. of Mathematics
1889,Dept. of Mathematics
1890,Dept. of Physics
1891,Dept. of Statistics
1895,Dept. of Electrical and Electronic Engineering
1897,Dept. of Physics
1898,Dept. of Zoology
1899,Dept. of Soil Science
1901,Dept. of Botany
1903,Dept. of Soil Science
1905,Dept. of Statistics
1906,Dept. of Statistics
1907,Dept. of Zoology
1911,Dept. of Oceanography
1916,Dept. of Geography and Environmental Studies
1919,Dept. of Botany
1920,Dept. of Physics
1930,Dept. of Botany
1931,Dept. of Statistics
1934,Dept. of Psychology
1935,Dept. of Soil Science
1940,Dept. of Physics
1942,Dept. of Statistics
1944,Dept. of Statistics
1945,Dept. of Physics
1950,Dept. of Physics
1951,Dept. of Oceanography
1952,Dept. of Physics
1956,Dept. of Statistics
1957,Dept. of Electrical and Electronic Engineering
1960,Dept. of Electrical and Electronic Engineering
1963,Dept. of Electrical and Electronic Engineering
1964,Dept. of Statistics
1965,Dept. of Electrical and Electronic Engineering
1967,Dept. of Physics
1968,Dept. of Statistics
1969,Dept. of Geography and Environmental Studies
1974,Dept. of Electrical and Electronic Engineering
1978,Dept. of Geography and Environmental Studies
1980,Dept. of Physics
1981,Dept. of Physics
1982,Dept. of Zoology
1983,Dept. of Statistics
1985,Dept. of Zoology
1986,Dept. of Physics
1992,Dept. of Botany
1997,Dept. of Botany
2002,Dept. of Statistics
2010,Dept. of Zoology
2013,Dept. of Zoology
2019,Dept. of Psychology
2020,Dept. of Zoology
2021,Dept. of Statistics
2026,Dept. of Zoology
2028,Dept. of Botany
2033,Dept. of Botany
2042,Dept. of Botany
2044,Dept. of Electrical and Electronic Engineering
2045,Dept. of Zoology
2046,Dept. of Soil Science
2049,Dept. of Soil Science
2050,Dept. of Soil Science
2055,Dept. of Soil Science
2060,Dept. of Botany
2066,Dept. of Soil Science
2067,Dept. of Zoology
2068,Dept. of Botany
2069,Dept. of Geography and Environmental Studies
2070,Dept. of Electrical and Electronic Engineering
2074,Dept. of Oceanography
2077,Dept. of Soil Science
2078,Dept. of Botany
2082,Dept. of Botany
2088,Dept. of Oceanography
2089,Dept. of Geography and Environmental Studies
2096,Dept. of Electrical and Electronic Engineering
2098,Dept. of Psychology
2099,Dept. of Zoology
2100,Dept. of Oceanography
2102,Dept. of Soil Science
2104,Dept. of Oceanography
2109,Dept. of Oceanography
2110,Dept. of Soil Science
2116,Dept. of Soil Science
2117,Dept. of Zoology
2120,Dept. of Botany
2121,Dept. of Botany
2123,Dept. of Soil Science
2124,Dept. of Zoology
2125,Dept. of Botany
2126,Dept. of Soil Science
2127,Dept. of Botany
2128,Dept. of Zoology
2129,Dept. of Botany
2130,Dept. of Soil Science
2131,Dept. of Botany
2132,Dept. of Soil Science
2133,Dept. of Oceanography
2135,Dept. of Electrical and Electronic Engineering
2136,Dept. of Soil Science
2138,Dept. of Geography and Environmental Studies
2139,Dept. of Zoology
2140,Dept. of Oceanography
2141,Dept. of Psychology
2142,Dept. of Zoology
2143,Dept. of Oceanography
2144,Dept. of Botany
2145,Dept. of Geography and Environmental Studies
2146,Dept. of Psychology
2147,Dept. of Botany
2148,Dept. of Oceanography
2149,Dept. of Botany
2150,Dept. of Electrical and Electronic Engineering
2151,Dept. of Zoology
2153,Dept. of Oceanography
2154,Dept. of Botany
2155,Dept. of Geography and Environmental Studies
2156,Dept. of Zoology
2157,Dept. of Soil Science
2158,Dept. of Geography and Environmental Studies
2159,Dept. of Soil Science
2160,Dept. of Soil Science
2161,Dept. of Soil Science
2162,Dept. of Botany
2163,Dept. of Botany
2164,Dept. of Psychology
2165,Dept. of Geography and Environmental Studies
2166,Dept. of Soil Science
2167,Dept. of Soil Science
2168,Dept. of Electrical and Electronic Engineering
2169,Dept. of Geography and Environmental Studies
2170,Dept. of Electrical and Electronic Engineering
2171,Dept. of Soil Science
2172,Dept. of Soil Science
2173,Dept. of Psychology
2174,Dept. of Botany
2175,Dept. of Soil Science
2176,Dept. of Electrical and Electronic Engineering
2177,Dept. of Electrical and Electronic Engineering
2178,Dept. of Electrical and Electronic Engineering
2179,Dept. of Zoology
2180,Dept. of Zoology
2181,Dept. of Psychology
2182,Dept. of Soil Science
2183,Dept. of Soil Science
2184,Dept. of Zoology
2186,Dept. of Electrical and Electronic Engineering
2187,Dept. of Botany
2188,Dept. of Zoology
2189,Dept. of Electrical and Electronic Engineering
2190,Dept. of Geography and Environmental Studies
2191,Dept. of Botany
2192,Dept. of Soil Science
2193,Dept. of Soil Science
2194,Dept. of Zoology
2195,Dept. of Soil Science
2196,Dept. of Zoology
2197,Dept. of Soil Science
2198,Dept. of Botany
2199,Dept. of Botany
2200,Dept. of Soil Science
2201,Dept. of Botany
2202,Dept. of Soil Science
2203,Dept. of Zoology
2204,Dept. of Psychology
2205,Dept. of Botany
2206,Dept. of Psychology
2207,Dept. of Soil Science
2208,Dept. of Zoology
2209,Dept. of Soil Science
2211,Dept. of Electrical and Electronic Engineering
2212,Dept. of Zoology
2213,Dept. of Psychology
2214,Dept. of Psychology
2215,Dept. of Botany
2216,Dept. of Geography and Environmental Studies
2217,Dept. of Botany
2218,Dept. of Psychology
2219,Dept. of Psychology
2220,Dept. of Zoology
2221,Dept. of Botany
2222,Dept. of Electrical and Electronic Engineering
2223,Dept. of Botany
2224,Dept. of Botany
2225,Dept. of Botany
2227,Dept. of Botany
2228,Dept. of Zoology
2229,Dept. of Psychology
2230,Dept. of Electrical and Electronic Engineering
2231,Dept. of Botany
2232,Dept. of Electrical and Electronic Engineering
2233,Dept. of Zoology
2234,Dept. of Zoology
2235,Dept. of Zoology
2236,Dept. of Zoology
2237,Dept. of Geography and Environmental Studies
2238,Dept. of Botany
2239,Dept. of Botany
2240,Dept. of Zoology
2241,Dept. of Zoology
2242,Dept. of Geography and Environmental Studies
2243,Dept. of Botany
2244,Dept. of Botany
2245,Dept. of Botany
2246,Dept. of Botany
2247,Dept. of Botany
2248,Dept. of Electrical and Electronic Engineering
2249,Dept. of Geography and Environmental Studies
2250,Dept. of Geography and Environmental Studies
2251,Dept. of Zoology
2252,Dept. of Botany
2253,Dept. of Electrical and Electronic Engineering
2254,Dept. of Botany
2255,Dept. of Zoology
2256,Dept. of Geography and Environmental Studies
2257,Dept. of Botany
2258,Dept. of Geography and Environmental Studies
2259,Dept. of Geography and Environmental Studies
2260,Dept. of Botany
2261,Dept. of Zoology
2262,Dept. of Geography and Environmental Studies
2263,Dept. of Botany
2264,Dept. of Zoology
2265,Dept. of Geography and Environmental Studies
2266,Dept. of Geography and Environmental Studies
2267,Dept. of Botany
2268,Dept. of Botany
2269,Dept. of Geography and Environmental Studies
2270,Dept. of Botany
2271,Dept. of Botany
2272,Dept. of Geography and Environmental Studies
2273,Dept. of Electrical and Electronic Engineering
2274,Dept. of Geography and Environmental Studies
2275,Dept. of Botany
2276,Dept. of Botany
2277,Dept. of Botany
2278,Dept. of Botany
2279,Dept. of Zoology
2280,Dept. of Zoology
2281,Dept. of Zoology
2282,Dept. of Electrical and Electronic Engineering
2283,Dept. of Botany
2284,Dept. of Zoology
2285,Dept. of Zoology
2286,Dept. of Botany
2287,Dept. of Zoology
2288,Dept. of Zoology
2289,Dept. of Electrical and Electronic Engineering
2290,Dept. of Botany
2291,Dept. of Zoology
2292,Dept. of Electrical and Electronic Engineering
2293,Dept. of Botany
2294,Dept. of Electrical and Electronic Engineering
2295,Dept. of Zoology
2296,Dept. of Botany
2297,Dept. of Zoology
2298,Dept. of Botany
2299,Dept. of Botany
2300,Dept. of Botany
2301,Dept. of Botany
2302,Dept. of Botany
2303,Dept. of Botany
2304,Dept. of Electrical and Electronic Engineering
2305,Dept. of Zoology
2306,Dept. of Zoology
2307,Dept. of Zoology
2308,Dept. of Botany
2309,Dept. of Botany
2310,Dept. of Electrical and Electronic Engineering
2312,Dept. of Zoology
2313,Dept. of Botany
2314,Dept. of Electrical and Electronic Engineering
2315,Dept. of Zoology
2316,Dept. of Electrical and Electronic Engineering
2317,Dept. of Botany
2318,Dept. of Botany
2319,Dept. of Zoology
2320,Dept. of Botany
2321,Dept. of Zoology
2322,Dept. of Zoology
2323,Dept. of Zoology
2324,Dept. of Zoology
2325,Dept. of Botany
2326,Dept. of Zoology
2328,Dept. of Botany
2329,Dept. of Zoology
2330,Dept. of Zoology
2331,Dept. of Botany
2332,Dept. of Botany
2333,Dept. of Botany
2334,Dept. of Botany
2335,Dept. of Botany
2336,Dept. of Botany
2337,Dept. of Zoology
2338,Dept. of Zoology
2339,Dept. of Zoology
2340,Dept. of Botany
2341,Dept. of Zoology
2342,Dept. of Zoology
2343,Dept. of Zoology
2344,Dept. of Zoology
2345,Dept. of Zoology
2346,Dept. of Zoology
2347,Dept. of Zoology
2348,Dept. of Zoology
2349,Dept. of Zoology
2350,Dept. of Zoology
2351,Dept. of Zoology
2352,Dept. of Zoology
2353,Dept. of Zoology
2354,Dept. of Zoology
2356,Dept. of Zoology
2357,Dept. of Zoology